{
    "afunc": "sigmoid",
    "epochs": 100000,
    "lr": 0.1,
    "states": 100,
    "mean_loss": 1.3958791823023058,
    "max_loss": 4.898529529571533,
    "genotype": [
        0.006567274685949087,
        -0.0011218723375350237,
        -0.002085259882733226,
        0.0018728465074673295,
        -0.002414942951872945,
        0.005142235662788153,
        -0.0018173368880525231,
        0.004003320354968309,
        0.004393252078443766,
        0.005261829122900963,
        0.002025836845859885,
        0.002364187967032194,
        0.00017792008293326944,
        0.0063056363724172115,
        0.0057236142456531525,
        0.0074524423107504845,
        0.00286767422221601,
        -0.0008812646847218275,
        0.002164054661989212,
        0.0033881566487252712,
        0.0017748639220371842,
        0.004015164449810982,
        -0.0007256956305354834,
        0.0010581740643829107,
        0.003869052976369858,
        0.005693339742720127,
        0.0024989829398691654,
        0.009413976222276688,
        0.004636525642126799,
        0.007506909314543009,
        -0.0005776055040769279,
        0.007548437919467688,
        0.0025215274654328823,
        0.00882506649941206,
        0.0014118279796093702,
        0.0068491133861243725,
        0.0005229692324064672,
        0.008258308283984661,
        0.005410599987953901,
        0.0013359555741772056,
        0.005175355356186628,
        0.008012386970221996,
        0.0033278062473982573,
        0.00025801995070651174,
        0.008144596591591835,
        0.006415439769625664,
        0.004159247502684593,
        0.008056503720581532,
        0.0052341618575155735,
        0.005105719901621342,
        0.0053355093114078045,
        0.001554190879687667,
        -0.00011825836554635316,
        0.002412887290120125,
        0.0012091781245544553,
        0.0015615848824381828,
        0.0068945083767175674,
        0.003905690973624587,
        3.7767080357298255e-05,
        0.009231258183717728,
        0.006117610260844231,
        0.0061423261649906635,
        0.006473145913332701,
        0.0006139273755252361,
        0.0043891617096960545,
        0.0014030026504769921,
        0.0029105818830430508,
        0.005620813462883234,
        -0.0009154838626272976,
        -0.0003404220624361187,
        0.00615669833496213,
        0.007008276879787445,
        0.007931532338261604,
        0.003029697574675083,
        0.008336641825735569,
        0.009461482055485249,
        0.0005317413015291095,
        -4.1172781493514776e-05,
        0.0036254676524549723,
        5.2483552281046286e-05,
        0.005038601811975241,
        -0.0013806346105411649,
        0.00170572055503726,
        0.00853880774229765,
        0.000993250636383891,
        0.001227097469381988,
        0.007324906997382641,
        0.0072928559966385365,
        -0.12177066504955292,
        -0.18005728721618652,
        -0.2083248794078827,
        -0.1224614605307579,
        -0.11801987886428833,
        -0.17788571119308472,
        -0.1983492225408554,
        -0.12454518675804138,
        -0.12060867995023727,
        -0.17922818660736084,
        -0.1967276781797409,
        -0.1252373605966568,
        -0.1211332157254219,
        -0.1804763227701187,
        -0.20384998619556427,
        -0.12984944880008698,
        -0.11197671294212341,
        -0.1784706711769104,
        -0.1991221159696579,
        -0.12483341246843338,
        -0.12006610631942749,
        -0.1837000697851181,
        -0.20467376708984375,
        -0.12446233630180359,
        -0.11169072240591049,
        -0.17809954285621643,
        -0.20440588891506195,
        -0.12289837747812271,
        -0.12052136659622192,
        -0.17882315814495087,
        -0.20734663307666779,
        -0.12547188997268677,
        -0.23430494964122772,
        -0.36107876896858215,
        -0.4046712815761566,
        -0.25025758147239685,
        -66.73371124267578,
        -78.51287841796875,
        -66.71784210205078,
        -78.4903335571289,
        -66.80146789550781,
        -78.59313201904297,
        -66.97986602783203,
        -78.80305480957031,
        -132.2252197265625,
        -155.5522918701172
    ]
}