{
    "afunc": "Tanh",
    "epochs": 100000,
    "lr": 0.001,
    "states": 1000,
    "mean_loss": 0.05811503434181214,
    "max_loss": 0.405517578125,
    "genotype": [
        -0.9001345634460449,
        -0.100640207529068,
        1.1637227535247803,
        -0.6491864919662476,
        0.9491505026817322,
        0.5649726390838623,
        -0.4942116439342499,
        -0.4215882420539856,
        0.09850495308637619,
        -0.07417049258947372,
        9.058186531066895,
        -1.0835458040237427,
        0.6709322929382324,
        3.5323541164398193,
        -0.5500674843788147,
        -0.2667703330516815,
        -2.4887382984161377,
        -0.8763349652290344,
        1.3258792161941528,
        2.7754881381988525,
        1.3787927627563477,
        6.712507724761963,
        1.3640985488891602,
        -0.7802785038948059,
        -0.029862970113754272,
        -0.06507202982902527,
        0.6589418649673462,
        0.3561226725578308,
        -2.21237850189209,
        0.8891812562942505,
        2.208296060562134,
        0.6573209762573242,
        2.8686413764953613,
        2.7398931980133057,
        17.02772331237793,
        5.474304676055908,
        -0.1042235866189003,
        6.194372177124023,
        -2.032930374145508,
        0.9342191219329834,
        2.383188486099243,
        -1.1926549673080444,
        1.151208519935608,
        -1.1963036060333252,
        -0.7071986198425293,
        9.816140174865723,
        1.3130515813827515,
        0.4860047399997711,
        1.8791788816452026,
        0.5022037029266357,
        3.06943941116333,
        1.1093567609786987,
        -2.0231499671936035,
        1.853697419166565,
        -0.0887109786272049,
        0.8555680513381958,
        -1.6165894269943237,
        1.167107343673706,
        2.802788496017456,
        4.607470989227295,
        -0.8548340201377869,
        -0.9374809861183167,
        2.060145854949951,
        0.500603973865509,
        -0.511179506778717,
        -1.009677529335022,
        5.8286895751953125,
        -3.971322536468506,
        1.7258909940719604,
        -5.300652027130127,
        0.8003458976745605,
        -0.7144427299499512,
        0.3865419328212738,
        1.6134750843048096,
        -5.326642036437988,
        2.3011815547943115,
        -1.6579209566116333,
        -5.438876628875732,
        0.7520347833633423,
        1.0784085988998413,
        -0.393412321805954,
        -0.9288852214813232,
        -9.807682991027832,
        -2.0975351333618164,
        -0.47878625988960266,
        -3.3756520748138428,
        -1.1657295227050781,
        -0.414779394865036,
        2.1698951721191406,
        24.344478607177734,
        -0.8615012764930725,
        -1.2250676155090332,
        -0.973671019077301,
        45.752384185791016,
        -1.9392039775848389,
        0.9938369989395142,
        -8.46616268157959,
        -7.105448246002197,
        1.1323401927947998,
        6.92093563079834,
        -6.849269390106201,
        -23.441747665405273,
        0.14248409867286682,
        5.955515384674072,
        -12.669919967651367,
        3.6527485847473145,
        3.511143684387207,
        11.432047843933105,
        8.642817497253418,
        -21.481433868408203,
        -1.6834090948104858,
        -4.292895317077637,
        -11.123759269714355,
        35.71923828125,
        -0.08940787613391876,
        9.9515380859375,
        -5.950057029724121,
        -46.065452575683594,
        6.409356117248535,
        5.011884689331055,
        -7.7246599197387695,
        1.761063575744629,
        -0.9303552508354187,
        4.388121128082275,
        1.951935052871704,
        -0.7951540946960449,
        0.2478478103876114,
        -0.15398108959197998,
        -0.29667651653289795,
        0.4998716413974762,
        2.0307674407958984,
        -0.7395064234733582,
        0.07156547904014587,
        0.47494664788246155
    ]
}