{
    "afunc": "sigmoid",
    "epochs": 100000,
    "lr": 0.001,
    "states": 100,
    "mean_loss": 0.03816851520178687,
    "max_loss": 0.9180943965911865,
    "genotype": [
        0.5513285994529724,
        -1.0579849481582642,
        0.5428749322891235,
        8.718017578125,
        4.063138008117676,
        -2.2054238319396973,
        -1.4702032804489136,
        -1.4000566005706787,
        -8.525813102722168,
        17.739953994750977,
        -17.439289093017578,
        0.07831542938947678,
        -10.562824249267578,
        -6.232790946960449,
        -7.726057529449463,
        -10.362664222717285,
        -4.073197841644287,
        3.7329187393188477,
        -14.697159767150879,
        4.848458766937256,
        3.4587597846984863,
        -11.422452926635742,
        6.883621692657471,
        5.119421482086182,
        4.027957439422607,
        3.215383768081665,
        3.1888530254364014,
        -7.516997337341309,
        -9.230443954467773,
        4.652711868286133,
        -1.8023254871368408,
        -1.393678903579712,
        -9.420858383178711,
        -8.342941284179688,
        7.567878246307373,
        -2.0820653438568115,
        -9.752227783203125,
        9.657308578491211,
        -4.912891387939453,
        9.793719291687012,
        -8.543062210083008,
        -4.280370712280273,
        -10.585636138916016,
        0.7736960649490356,
        -0.17256391048431396,
        6.956967353820801,
        4.139986991882324,
        5.229592323303223,
        7.1286234855651855,
        13.492793083190918,
        -7.357757091522217,
        -7.04512357711792,
        -8.25418758392334,
        -2.806274890899658,
        -10.099395751953125,
        8.373607635498047,
        24.55754280090332,
        -0.2479763776063919,
        -2.762047529220581,
        -6.236714839935303,
        -9.877833366394043,
        -1.8625818490982056,
        17.840015411376953,
        -25.181875228881836,
        -6.2528815269470215,
        -3.282165765762329,
        0.6841667890548706,
        2.0088589191436768,
        11.849156379699707,
        -11.899321556091309,
        6.818061828613281,
        -1.6486313343048096,
        -7.64316987991333,
        0.4889148473739624,
        4.795713424682617,
        -7.697444438934326,
        15.23855972290039,
        -5.4368181228637695,
        -5.35381555557251,
        12.236140251159668,
        1.8909722566604614,
        -0.03758421167731285,
        8.10529613494873,
        -1.002345323562622,
        -2.933865547180176,
        10.509869575500488,
        -4.6396965980529785,
        -7.334773063659668,
        -13.600566864013672,
        3.3054919242858887,
        6.612316608428955,
        -6.961980819702148,
        -8.650835990905762,
        -8.178438186645508,
        -11.7759428024292,
        6.207167148590088,
        -9.129597663879395,
        15.508099555969238,
        -13.581265449523926,
        -11.842303276062012,
        10.063142776489258,
        -10.239727020263672,
        -0.5626325607299805,
        -14.933609008789062,
        -13.294343948364258,
        2.4925405979156494,
        -2.779390811920166,
        13.397150039672852,
        -6.654813289642334,
        13.959866523742676,
        -5.644556522369385,
        0.684789776802063,
        -9.255733489990234,
        -5.314337253570557,
        -9.549858093261719,
        -1.5565813779830933,
        18.816747665405273,
        -1.263373851776123,
        -11.522266387939453,
        -7.160963535308838,
        -0.7553386688232422,
        2.7478318214416504,
        14.565675735473633,
        15.134954452514648,
        12.894673347473145,
        -9.63512897491455,
        10.30231761932373,
        -12.909934997558594,
        12.40285587310791,
        -10.849005699157715,
        11.512622833251953,
        -12.080159187316895,
        -23.781801223754883,
        15.528116226196289
    ]
}